case	condition	Vrms	phiv	f	R	L	Irms	phii
*	*	V	deg	Hz	Ohm	H	A	deg
case 1	condition 1	100	0	50	100	0.024	0.99717	-4.31184
case 1	condition 2	120	0	60	120	0.02	0.998032	-3.59527
case 2	condition 1	100	90	50	100	0.024	0.99717	85.6882
case 2	condition 2	120	90	60	120	0.02	0.998032	86.4047
case 3	condition 1	100	45	50	100	0.024	0.99717	40.6882
case 3	condition 2	120	45	60	120	0.02	0.998032	41.4047
